supplier_id,component,unit_cost,fixed_penalty,lead_time_days,capacity,reliability_score,historical_mean_delay,historical_delay_std,distance_km,transportation_mode,inventory_level,demand_forecast,order_size,seasonality_index,weather_risk,geopolitical_risk,bottleneck_risk,telemetry_temp_c,telemetry_vibration,telemetry_pressure_delta,telemetry_packet_loss,telemetry_anomaly_score,telemetry_anomaly_flag,carbon_kg_per_unit,delay_days
S01,Merlin 1D turbopump,14592.394497677822,3326.4941304291538,16.90147483272903,108,0.8843773663803545,3.2026770401599447,3.2991533206093226,4543.956587156088,air,38,82,28,1.032750872209501,0.13311221519942,0.05808964447036885,0.13472517720537971,48.46698637834482,7.4450826773480605,1.0918293625518385,0.05315889214695331,0.2992290245171185,0,41.95597902651547,1.8618515893091478
S01,Raptor injector,5141.004268953142,693.7017202747923,10.043337169137118,127,0.8843773663803545,5.346332544321488,2.2419017580869784,4539.947516513196,road,29,85,28,1.1018883968095063,0.13311221519942,0.05808964447036885,0.5237398684560446,48.68286409795828,5.464322646133439,1.2816800663985097,0.10234683748173369,0.2754993041367674,0,25.986228779470146,2.0795323499803966
S01,Starship heat shield tiles,4107.777561055274,635.2142794366991,11.531117939293406,94,0.8843773663803545,5.749205744483582,1.8996980152493956,5588.151940129328,sea,54,101,47,1.0391416638887132,0.13311221519942,0.05808964447036885,0.17354412613282952,69.10686129279895,4.302549855503125,0.8763537451348029,0.23164661930142258,0.24685341447015452,0,19.67256147833503,7.060919401164898
S01,Avionics flight computer,9652.846717953467,3293.277461730932,12.964703104910813,78,0.8843773663803545,2.4907198300174658,1.101927220678963,9439.193777911,air,30,59,11,0.754028716465385,0.13311221519942,0.05808964447036885,0.12876965660629003,64.73045322468272,5.893062352059888,1.6657695762809503,0.08535250574999692,0.2693302741788892,0,74.67111077627636,2.931241932569904
S01,Cryogenic propellant tank,17398.01880248853,2924.1827188041834,17.53764566021586,141,0.8843773663803545,2.6573521481570923,1.0835517551646947,3300.5590432953068,air,60,83,31,0.7578345772920996,0.13311221519942,0.05808964447036885,0.4074457497667816,61.32829843265189,3.811700088606411,0.18775950192808177,0.09080070533450851,0.12515896939133134,0,34.47550429551055,2.851606577072274
S01,Grid fin assembly,4206.103128413775,592.9312773456962,7.94791818499178,58,0.8843773663803545,3.3883454593567635,1.9873980236406852,6003.791208047549,road,64,94,23,1.2550720710260783,0.13311221519942,0.05808964447036885,0.1640564553357773,37.40871187696279,2.968841837584917,1.4194596932151367,0.08601809763182282,0.2789648154922475,0,30.163627513209114,1.7727079332007276
S01,Falcon interstage ring,18386.872023242642,3605.4109329911134,3.3241811982049563,108,0.8843773663803545,3.331284591866157,1.1679509753390818,5351.100804614804,air,27,56,54,0.7651454446812661,0.13311221519942,0.05808964447036885,0.173740489441318,59.8238433006204,6.965479022046115,0.8504930810225935,0.03082900120272181,0.2129410544081725,0,46.90928379424962,4.419316200852197
S01,Engine controller unit,20669.70625701844,825.5097068116689,6.839476358514041,106,0.8843773663803545,4.128244568729597,0.8422885605280346,6253.426981395817,road,27,48,44,1.2954253384335024,0.13311221519942,0.05808964447036885,0.27448428478409803,62.0015659544356,7.61200348341365,1.3535677509546993,0.05559928991469717,0.2703366312782566,0,33.00957052063706,5.518802280304181
S02,Merlin 1D turbopump,5976.8454239761895,700.92442758878,3.2090443156230233,37,0.99,2.5387934439958877,1.312840171830508,1855.1854052323217,air,77,102,19,1.0037979589723798,0.4034175942786539,0.10389902670826061,0.2092531689413234,70.82263559298418,2.347214564520872,1.221442044816092,0.044439287317923924,0.18516144951524752,0,23.44264968804199,2.2449025963767184
S02,Raptor injector,4119.063618929383,1792.6344134019546,4.588461056261299,35,0.99,2.987978806703567,1.1861974552826884,7662.605073420858,air,17,127,57,1.2598139329601268,0.4034175942786539,0.10389902670826061,0.2740445466451912,74.88195069243527,3.541832324512783,0.7420974919525425,0.005302452074483179,0.19677923670639857,0,67.3072589828092,2.8761648047207378
S02,Starship heat shield tiles,6122.577150349688,3034.8542649250962,6.7175934442703715,148,0.99,5.721314493409437,1.4112709468266889,5528.678052604152,sea,76,114,18,0.7399353141731069,0.4034175942786539,0.10389902670826061,0.11519921241583758,54.56611015681047,6.5546751521234885,1.504336252126633,0.09616819517065746,0.281560946705336,0,19.655272141931935,6.386783110586974
S02,Avionics flight computer,11694.145730062386,3525.0187804915126,7.769866454280741,142,0.99,3.0249361213528534,1.4699326347850357,4814.520913459534,air,45,117,13,0.8088990457579144,0.4034175942786539,0.10389902670826061,0.48920010326619173,47.317199064273254,2.775177056033164,2.0338000671622054,0.18111984242822618,0.2816457838254144,0,43.60947873436841,3.412582646390776
S02,Cryogenic propellant tank,12350.215147710856,2154.046906723575,5.018283126197206,165,0.99,4.504630991053158,2.207858669391395,9381.106801750828,air,67,117,47,0.9310536976602121,0.4034175942786539,0.10389902670826061,0.32769758700327634,62.59193677199754,8.454700428328369,0.12629701655870362,0.17141828416255409,0.25268628434517243,0,76.42691036848059,8.32933018714483
S02,Grid fin assembly,14773.816683650122,3256.688946198894,15.728407331604368,109,0.99,5.0846154071745735,2.857859903293705,6494.902259485537,road,62,90,60,0.8728933685094771,0.4034175942786539,0.10389902670826061,0.33427622521891825,58.98556529721996,7.342494186934639,1.7256082921118818,0.3857268027223282,0.35898493047059765,0,32.67421995493126,6.90659772233313
S02,Falcon interstage ring,13473.578623452831,561.1869507447246,6.800750307587808,105,0.99,6.824782636615762,1.400339436934744,11360.420694385364,sea,17,97,23,1.0389703668834651,0.4034175942786539,0.10389902670826061,0.325338840592838,63.794463995217704,8.232419363302414,0.0,0.0828790006670888,0.2254647857043779,0,32.72197385317287,7.964328024020984
S02,Engine controller unit,6827.126770931655,1583.9296675338053,14.437982206059784,106,0.99,5.933819823313214,3.4293571702422594,10795.643586234199,road,28,71,22,0.788670023525315,0.4034175942786539,0.10389902670826061,0.42990211104984183,47.5897647966241,3.3554999654193596,1.3416143342818354,0.12199193969099009,0.2411760291443902,0,50.54696304129136,5.2302471145414335
S03,Merlin 1D turbopump,3500.2389487190985,3988.7316997827775,14.719410531472738,40,0.6997182166346789,6.050034979542413,2.3806633294168513,11033.536461859318,road,56,119,32,1.202137947796563,0.1748058549053561,0.371674495903451,0.12730119298311865,65.42090587842054,3.590653474260235,1.074272010317979,0.11834733213530642,0.19598099508863043,0,50.35509867143362,1.3052292408598412
S03,Raptor injector,2390.424355187816,3243.6626438383696,15.741132643846095,165,0.6997182166346789,7.792627442949128,3.0045388818161887,2976.8509244345532,sea,14,123,71,1.1188724703871824,0.1748058549053561,0.371674495903451,0.5581949104795468,56.62681740781823,7.707171779138795,1.2644886609038763,0.06114735362489092,0.27578404784107524,0,15.448665073045568,3.6398093382711902
S03,Starship heat shield tiles,19590.230796429798,2896.3974833823586,3.6352582737025063,90,0.6997182166346789,6.207349708695846,1.7082037288576586,7453.261293641264,road,32,59,17,0.8101199373281913,0.1748058549053561,0.371674495903451,0.10054470675551426,62.60126803195473,5.723843707857688,2.124463158869717,0.050438573104346886,0.2716975288207589,0,38.05657051599632,6.8031299914413905
S03,Avionics flight computer,6983.971352250153,1357.8774942911589,5.0114191480914805,117,0.6997182166346789,4.563651616386012,1.9297279545907675,1562.7276854432737,air,63,81,58,1.0807774704509578,0.1748058549053561,0.371674495903451,0.512094861979117,42.35662241814549,4.082649430121334,0.9947658893458666,0.3541522409766393,0.32046560340710556,0,20.14773333861338,5.758483429488618
S03,Cryogenic propellant tank,14221.059603573987,1570.4978709109662,9.471272927698351,164,0.6997182166346789,7.7452074870733165,0.5180157410494135,6657.360945656202,sea,65,88,68,1.2318417320342245,0.1748058549053561,0.371674495903451,0.3703980990854974,64.02421902540574,3.296925621628464,1.6659096654194003,0.20571383354000428,0.23584776086494197,0,23.130143376432436,7.571357587575693
S03,Grid fin assembly,4395.148300461204,2483.193550191307,8.583923597873223,125,0.6997182166346789,8.800335693573993,2.9402558633367937,10300.094079358514,sea,43,55,39,1.2750575085405835,0.1748058549053561,0.371674495903451,0.6676802830977464,36.1465830580778,4.405353274604729,1.269634231111017,0.07708566824685682,0.30745220202433643,0,29.611149887182385,5.947847880105554
S03,Falcon interstage ring,10523.508755690502,1691.7763201992955,5.1239383285316205,79,0.6997182166346789,7.433250361975486,1.9733661307762602,11885.31172226633,sea,67,51,70,0.9602674163935558,0.1748058549053561,0.371674495903451,0.612801131819955,64.33267530900395,1.8684818556389713,1.646229631855785,0.11407819264278894,0.1819370279258406,0,32.44987305138905,7.079570609579617
S03,Engine controller unit,8825.454406598337,2250.204253994379,3.87162722582171,153,0.6997182166346789,5.114498015244979,2.3175888706106633,9190.40077561842,air,74,73,77,0.9895435051523764,0.1748058549053561,0.371674495903451,0.31695797316849744,47.45061387499671,2.9354746588443263,0.32886974867924723,0.033546406082030286,0.1554233298625337,0,75.232717933716,4.744498874751883
S04,Merlin 1D turbopump,19989.219736852305,2938.644597529736,14.421488447760115,73,0.807766708426823,4.392498021703136,2.368820901427551,5808.444602488634,air,51,126,72,1.2200808629571558,0.29584076690336375,0.364923011242039,0.5198100617772711,61.29627715633902,8.222232296999241,0.3443379812220678,0.17463591506196877,0.25370319309576417,0,51.10864210221492,4.964946617047863
S04,Raptor injector,2964.2408640861067,2310.7544985235027,14.90523225839959,107,0.807766708426823,7.253359734720016,1.4915433049011804,5027.175625999609,sea,24,113,83,1.193549854370459,0.29584076690336375,0.364923011242039,0.2808117841977027,61.29386556223569,2.1525311292018796,1.5124255032801446,0.03346074228477409,0.14647401423517478,0,19.70669156333437,7.301249720867314
S04,Starship heat shield tiles,9548.195597110469,3603.412549258048,3.4441093369291984,117,0.807766708426823,6.0352522213719535,1.920372232705942,8175.855682468106,air,24,102,29,1.2116686777791477,0.29584076690336375,0.364923011242039,0.5516876044765956,53.65322433325679,4.427554100318662,1.06705331128442,0.02376952476895162,0.19648438933946394,0,68.54538077212025,5.387462346742563
S04,Avionics flight computer,15778.325010509698,2461.8087935708127,17.963700558943756,43,0.807766708426823,5.840657101845598,1.7428885612204155,6962.2323660329475,road,42,78,83,0.9981499576782097,0.29584076690336375,0.364923011242039,0.35261870079902885,62.471603693077206,3.2619055042704352,1.3241772802458582,0.3084039514299592,0.23314124198556163,0,35.31024194384085,2.8678953651318997
S04,Cryogenic propellant tank,16640.213347893914,2444.830217822311,10.943130829276086,118,0.807766708426823,5.948464298070852,1.464627780361614,10922.41805091194,road,6,100,33,0.8448232369759977,0.29584076690336375,0.364923011242039,0.20058075434801959,63.42784397766821,4.66614413978287,1.7717431070405536,0.16565189012603543,0.2601074782408984,0,49.67417463014224,7.106694467667379
S04,Grid fin assembly,11864.826937442316,1845.2954728975153,17.330241422817167,53,0.807766708426823,6.289350223338534,1.6449247189884397,7887.127199783381,road,75,48,86,0.7618016104780952,0.29584076690336375,0.364923011242039,0.2272886308044342,55.184534836736375,7.225931783320528,1.0284575441665083,0.02311898074620067,0.2499788332131629,0,38.88506016513777,7.354413796253133
S04,Falcon interstage ring,1225.6477002476893,2131.035952088925,15.94146845611317,72,0.807766708426823,5.760731121107312,1.8407920316548125,1478.033896334566,road,7,86,36,0.9587962120878697,0.29584076690336375,0.364923011242039,0.21930425568146444,26.06967016479308,2.0067226201933472,0.5539794906733126,0.1974029358452307,0.29298293849030466,0,13.113085755746718,6.7708451663320695
S04,Engine controller unit,5117.097076076117,318.8773490262493,3.138896727316851,55,0.807766708426823,8.59930292908881,3.0496178814504917,11038.054843338592,road,57,54,59,0.8449833452434514,0.29584076690336375,0.364923011242039,0.687306582766102,71.03173516890742,8.59518904486863,1.5614083004710158,0.06467796780966514,0.35138312966178487,0,50.10319358447873,12.063817308657736
S05,Merlin 1D turbopump,16283.813073698071,2890.746695597634,5.482316363726626,75,0.7863319681752697,5.483270004971021,1.8309486646729387,375.554651637216,road,66,107,35,1.2340116742706173,0.3069508949021198,0.25287453861162723,0.44409289891421655,63.55787826298376,5.120771856848834,0.2881435182158749,0.05544880802777212,0.1630158274986975,0,10.257508869797848,5.111744915466148
S05,Raptor injector,13567.006264929978,1320.0697341704995,3.7577954455800775,81,0.7863319681752697,3.7942827629305897,1.9520618363673674,3387.2682192853845,air,78,101,76,0.7108963263486184,0.3069508949021198,0.25287453861162723,0.3134460095237615,46.16936540843189,2.832602345283879,1.4412234333252503,0.09309502709144585,0.23496892145244427,0,32.73636282194076,3.3998037718366723
S05,Starship heat shield tiles,3156.696832259433,3580.6944023665096,9.119421455408478,123,0.7863319681752697,6.80099325878917,1.0105534645758003,6314.726294495027,sea,17,78,64,0.7896244938208904,0.3069508949021198,0.25287453861162723,0.06440483284072578,62.4546528274441,2.6758409745314258,0.0,0.06849485209448394,0.08936442406260897,0,23.16623193814493,6.417178472431441
S05,Avionics flight computer,5451.465235293727,3025.681387409077,4.497937157410942,96,0.7863319681752697,8.212897496186091,1.8097896553057047,9607.454614447246,sea,20,46,88,0.9262868082134084,0.3069508949021198,0.25287453861162723,0.5076989649403628,102.50395151114549,6.702571149689578,0.7049148290339755,0.20249283020567194,0.4518132984615878,0,30.170216182853466,8.822042156867058
S05,Cryogenic propellant tank,6266.812303459034,575.9131193983249,17.32347587783711,98,0.7863319681752697,4.123135900248809,1.7276059204977565,4172.811387375497,air,48,109,80,0.8668680141228927,0.3069508949021198,0.25287453861162723,0.4373576780814446,57.34777821524925,5.557728569294477,0.4944749352635187,0.25255446084322264,0.22704548186962886,0,39.97958173200258,4.074793242677133
S05,Grid fin assembly,21022.381961574014,472.9241339109606,17.735500246567987,90,0.7863319681752697,6.940804356041156,2.9117932750044835,11817.138007771437,sea,75,56,34,1.0317389524386769,0.3069508949021198,0.25287453861162723,0.17351632422594535,53.63555136848574,7.098679221086814,0.7267878860230419,0.06044184456134156,0.24720501526152835,0,33.61421559004716,5.129064901174276
S05,Falcon interstage ring,6702.428071947271,3416.6184370582364,4.505934684747139,118,0.7863319681752697,6.0935211700434335,3.1175224161428345,10769.04667672002,road,53,60,43,0.9699155799664757,0.3069508949021198,0.25287453861162723,0.11425690882479364,44.51914290726636,6.058826814251445,2.154400098459989,0.009537697939584778,0.33551874617416744,0,49.239971641833314,5.564415900239705
S05,Engine controller unit,3813.8081396655484,3818.5489202135964,4.976322493381012,47,0.7863319681752697,2.6929487356226707,2.0680200154695347,5299.572553667631,air,67,85,86,0.798146126626066,0.3069508949021198,0.25287453861162723,0.36271730069876895,70.12356093784014,5.4232194655901,1.8204757716975666,0.12313729178791441,0.30322323004837526,0,48.672590012466586,0.0
S06,Merlin 1D turbopump,10310.18374074375,2628.2518672038254,16.856749741397703,136,0.7221229274075666,6.7188397125369805,2.124358864222881,2661.6621413044295,sea,46,45,89,0.8685378315784931,0.2749039983065887,0.32239042933710466,0.15659070129934474,56.51345297128393,5.446244036812332,1.6317699397828458,0.02374196887748289,0.23632635252997897,0,13.939330030876675,3.4670511871824887
S06,Raptor injector,2037.2777907504142,1908.604216006186,15.690113419618632,74,0.7221229274075666,6.44753014965355,1.289499144538437,8185.414621425965,road,60,120,69,1.295084629898577,0.2749039983065887,0.32239042933710466,0.16086339536546637,83.12118076440503,7.62961574301181,1.1231860728588714,0.11630673806858509,0.3782327118073245,0,41.70307931967009,5.913067485823987
S06,Starship heat shield tiles,15083.790401452565,2690.9674057035986,4.375855185885101,133,0.7221229274075666,6.885269443007433,0.4,1640.81316700058,road,27,101,11,0.8959281056030679,0.2749039983065887,0.32239042933710466,0.6909870593959548,43.70536775050349,5.104346637315067,1.008304646117634,0.06124063099038351,0.267326192000786,0,14.983550850063303,6.739494142101648
S06,Avionics flight computer,7866.216162902736,3909.2878846284893,12.382172353709045,105,0.7221229274075666,3.706258048146988,2.179816124304372,3173.017132674461,air,38,78,64,0.7139365494080551,0.2749039983065887,0.32239042933710466,0.13077067103156836,69.27950094939501,6.354802737384604,0.5316457280084249,0.1759667010081211,0.2619122234101052,0,31.37146980895226,1.6231708994543559
S06,Cryogenic propellant tank,17061.873912822928,2026.3089975807648,14.470008428429995,119,0.7221229274075666,7.4246632486003525,1.6621800109072633,8978.14958048931,sea,57,83,29,1.0868915166155744,0.2749039983065887,0.32239042933710466,0.2837294550041894,78.35670254040441,4.087057711550555,1.9925642005254733,0.06684270194738634,0.31005676699344176,0,29.175150438201165,5.571969212770686
S06,Grid fin assembly,4402.44251761463,1806.6412636778152,5.888862348463647,89,0.7221229274075666,6.686431315291077,1.9262547601184787,11983.522752891204,road,70,97,84,1.2884926873198206,0.2749039983065887,0.32239042933710466,0.26107955387464993,59.54554015857106,4.183333674346661,0.22132323814080457,0.01534669829989047,0.11295051484872033,0,55.50759321305436,5.422702370687186
S06,Falcon interstage ring,16339.140618549342,3911.323497223039,4.4279863044129595,78,0.7221229274075666,7.752083039207693,1.8552921014380068,6270.043921232345,sea,27,72,46,0.9548661548892736,0.2749039983065887,0.32239042933710466,0.4894779445200782,39.01860440422824,3.4108010897498904,2.1124955474656613,0.17794813914435112,0.34111327785177864,0,21.88920049222453,9.85539147699946
S06,Engine controller unit,2298.3877091222957,201.97122782968097,4.012777202811225,46,0.7221229274075666,6.235486564202515,1.7378424866012494,6476.00415729643,road,68,82,71,0.7209030101679493,0.2749039983065887,0.32239042933710466,0.23136566201779168,28.63568659345802,3.2115852960410454,1.015848602880553,0.04892166888290623,0.2972303740999682,0,34.33952802525354,6.242083851560115
S07,Merlin 1D turbopump,4053.9941620447375,2683.4513376358445,17.855826860407234,59,0.99,5.769130941706182,0.9955572019681942,4872.303488169417,sea,73,83,41,1.2250505194324495,0.4109904538636441,0.016890517218924254,0.6632718679696126,52.91435093403672,4.490783660467939,0.14487204655886687,0.017381503501932568,0.14935886503495788,0,18.645681655719173,3.8694779665252215
S07,Raptor injector,18393.518880884945,2332.647657982168,14.368654780992907,56,0.99,3.9870081592687563,2.325085268495861,5111.0746346804,road,61,77,31,1.013151082461552,0.4109904538636441,0.016890517218924254,0.13180300820257143,57.851058527345295,2.2472250018441042,0.9786616067931684,0.12559203525251755,0.1456502842393017,0,29.354429870302724,8.483242903993078
S07,Starship heat shield tiles,5653.11961820378,576.7964882754945,13.192905138134368,90,0.99,2.5939571684049647,0.5325669240137239,2466.5151385467484,air,12,62,43,0.8056829795038479,0.4109904538636441,0.016890517218924254,0.31422354901214905,45.686865198774804,9.563265754552123,1.4082577498298883,0.1791732184276619,0.4087887797725902,0,23.629522631737814,1.3957967420853024
S07,Avionics flight computer,18252.0242513509,2199.0300021668795,14.314072724068387,54,0.99,5.354650228143,2.886316084085742,10250.730467473655,road,38,129,13,0.940758978511668,0.4109904538636441,0.016890517218924254,0.3184598514574701,50.30626330417884,2.75446313545801,0.3711101676712094,0.12109994281763149,0.1603782267143021,0,47.940753553099405,9.040420543185409
S07,Cryogenic propellant tank,10175.595276696977,2605.9668921498956,9.130040660500693,86,0.99,2.408002451560902,2.3570446068209634,4400.2725796057475,air,65,123,84,0.934895187718398,0.4109904538636441,0.016890517218924254,0.03893399254659995,62.22759039526979,3.549216955984049,0.7600606889042473,0.10620891378865843,0.1588803468443324,0,42.92917162372289,1.3540319069526547
S07,Grid fin assembly,20492.10108020103,2470.0992104805946,15.401848228856167,49,0.99,5.762776899766884,1.9753124101825326,3200.4549937926513,sea,79,101,14,1.267311934613144,0.4109904538636441,0.016890517218924254,0.2627803626251105,49.6035077123359,8.240140618272102,1.4545887052400739,0.1421645854208479,0.3528808614083624,0,15.970623989957037,3.1427302160640016
S07,Falcon interstage ring,6823.109194546013,810.235587822691,11.476168659460583,93,0.99,6.5970625956900975,0.4,4570.767962562929,sea,16,110,49,1.0218927542513505,0.4109904538636441,0.016890517218924254,0.471458318517816,44.485083272677315,5.1069632536438005,0.0,0.15350340083790268,0.23017323358696956,0,17.500536023886987,6.4580532308126894
S07,Engine controller unit,7115.460399126904,1354.4271499577876,15.565752872805616,133,0.99,3.5147524591034287,1.0476637903276003,9567.794117248226,road,9,119,11,1.0122744662603367,0.4109904538636441,0.016890517218924254,0.10852079099504028,57.68853087211105,1.874231309320301,1.3601390202502566,0.2663284382518266,0.19276639327824072,0,45.50471899578531,4.433075453742889
S08,Merlin 1D turbopump,21141.11654021623,353.5170696002201,17.903144951802712,62,0.881607634735783,7.05806679878447,0.586753627753712,6485.018902777912,road,45,104,34,1.2417934920436822,0.6963349908563877,0.19981956760151934,0.3623393781812192,68.10611206888126,8.825909615463505,1.5263243635381174,0.07241186740861043,0.3419111998009088,0,32.98303732457948,7.563848455487672
S08,Raptor injector,3161.1499125505457,3495.751553904489,17.465597923372183,52,0.881607634735783,5.111087670224554,1.8659281407626185,3539.660526808684,road,45,105,76,1.2855385242207378,0.6963349908563877,0.19981956760151934,0.32737480536629926,65.78505383352412,5.354522733897712,1.4038619917931658,0.45180330829728027,0.3359396546759401,0,23.02646210215359,7.441179938761359
S08,Starship heat shield tiles,20558.237361728105,2526.4398326570195,9.691093393803392,46,0.881607634735783,7.53948215499693,1.7938437173601,9391.457649886894,road,28,47,22,0.8234918758078045,0.6963349908563877,0.19981956760151934,0.5582146084266786,38.262527994730654,7.365061483505315,0.9732106571524989,0.08925835326236695,0.3505773445788227,0,44.5079606230286,8.460082411848122
S08,Avionics flight computer,20935.93662572031,1522.0229478750507,15.962052437890872,50,0.881607634735783,7.263458459059441,1.1497075830085945,7470.798565791161,sea,40,52,28,0.9627049394055023,0.6963349908563877,0.19981956760151934,0.43631862002501065,63.46742834847324,7.802372550067792,1.3269199525029935,0.02787728698944875,0.27386206580903516,0,25.161901023666843,6.26528988833349
S08,Cryogenic propellant tank,10282.683778247861,3980.2965927525115,10.622893721673673,48,0.881607634735783,4.458381828944911,2.8270268754963297,6306.662737599874,air,43,86,48,0.9530596376287368,0.6963349908563877,0.19981956760151934,0.20358873948097944,62.060565550769496,9.651559583763369,2.2615080704125825,0.07558585994572023,0.37159506191214875,0,54.52783600437004,4.135507395441439
S08,Grid fin assembly,14980.615562816956,2753.0459167334557,8.21510452253855,160,0.881607634735783,9.017057463465466,0.7800034609563107,7628.125498031866,sea,57,126,39,0.9550490605084787,0.6963349908563877,0.19981956760151934,0.5783882325374928,38.02009036939262,1.464755774121238,1.2766397516129613,0.3405510431438295,0.29504811572635026,0,24.65742349492747,8.712327581319979
S08,Falcon interstage ring,19562.771773508823,3090.0748863734943,10.940870310394311,57,0.881607634735783,4.416279502492963,1.4035935590932955,3602.254024667819,road,67,105,24,0.9146095789155846,0.6963349908563877,0.19981956760151934,0.08132591765616638,57.68240614544094,3.754919694668894,0.44980907119677893,0.06052323984016181,0.13596455882941855,0,23.10293772132697,3.5395901817344173
S08,Engine controller unit,9354.84846624122,1115.5230423743865,10.012268091428577,157,0.881607634735783,5.7252926083937865,2.555215327320817,2239.8135805509455,road,18,108,35,0.8636825980875014,0.6963349908563877,0.19981956760151934,0.2032991487079986,34.44742925492562,5.420582582172293,0.6995864066717432,0.4145067468242724,0.3885882638593818,0,17.101897320043,8.787768864759283
S09,Merlin 1D turbopump,19356.56994085135,3581.616226874858,17.922363204313015,56,0.846368926131511,6.458346624891645,2.3400732818333436,10196.866876600307,sea,14,71,42,0.8608510628923306,0.24919946374125895,0.015928653269175204,0.6983118037718872,65.71668420182372,5.7910182127250165,0.10305922483519336,0.049611390742459925,0.17742149164167834,0,29.53740644235127,8.351749786501882
S09,Raptor injector,15296.339180652965,3295.0007289175487,5.100831070342359,91,0.846368926131511,6.025665533477702,2.63273540370135,10972.429426868413,road,77,64,32,1.278711331683521,0.24919946374125895,0.015928653269175204,0.4840179051135031,54.9208988662713,5.683017371073606,1.1909428623274882,0.01635036390613413,0.22363651084512928,0,47.784873643515034,5.622788891507184
S09,Starship heat shield tiles,16739.176653101633,1611.8641919441739,8.928519806383415,66,0.846368926131511,6.014894196344545,0.8047654454587991,1205.1477601393806,sea,17,61,25,0.9460292721489966,0.24919946374125895,0.015928653269175204,0.09300812325526332,63.29159397192578,5.905076837959184,1.4245947524272249,0.14686936988916457,0.2639077383436006,0,12.461319936648145,5.763521330198879
S09,Avionics flight computer,20078.181740922035,3250.3383000957892,14.940906714388063,120,0.846368926131511,4.086014303821374,0.4,3579.74203397057,air,50,67,31,0.8528370100704804,0.24919946374125895,0.015928653269175204,0.23039478801252578,33.12218704943495,5.64802504837996,0.6678669379667661,0.11652140491838579,0.3271087846180224,0,34.799976159922664,4.722195222987783
S09,Cryogenic propellant tank,14073.460728409338,3087.8741580627743,7.587003431078511,116,0.846368926131511,5.069659663957527,1.3141030071980342,10428.968942868616,road,14,55,72,1.2631068753766397,0.24919946374125895,0.015928653269175204,0.05423619244570758,37.40438671861153,6.00609733675373,0.0,0.14542002853670624,0.28401707955550304,0,50.7135277596534,4.4039315377271375
S09,Grid fin assembly,12080.28238500975,916.4148887218089,13.169577788175669,80,0.846368926131511,4.902739141312708,1.8945864163076576,8877.800129767373,road,39,112,86,1.1331017993401682,0.24919946374125895,0.015928653269175204,0.4076940507002597,83.17602781292288,7.382779280582829,0.7126515638940703,0.10124051636708967,0.3467166960334339,0,43.635122676541805,5.755342196235335
S09,Falcon interstage ring,14896.399982580473,3352.462554525679,12.095442603233026,162,0.846368926131511,5.119385463505996,2.087148410975686,4141.750044424234,sea,39,47,27,1.1271506863531473,0.24919946374125895,0.015928653269175204,0.23749808472851777,50.46357315993788,5.49589512170375,1.1010231484993385,0.25216961609060234,0.2933327379881371,0,16.64800460011534,4.147258178339397
S09,Engine controller unit,21137.11811468941,2898.064144207569,3.407732002463775,49,0.846368926131511,4.616599005332792,2.2244038092760956,2884.343717416521,road,32,99,69,1.0189677512172637,0.24919946374125895,0.015928653269175204,0.5128629789179697,55.70465099962205,3.8380796229370335,0.0,0.19016883691386974,0.15411373731445793,0,19.87008969801536,1.639496071315906
S10,Merlin 1D turbopump,12060.201932385538,2908.4488362929387,12.577012916471109,90,0.9437852228859007,4.240463620596929,1.2578429569406233,10603.774583398033,air,57,83,37,0.9805914714701275,0.3396587239825953,0.029490926441951906,0.22595909134181003,78.68351130964537,6.013166308380508,0.28173778395595206,0.17308200969805002,0.28675125331662776,0,84.83248892179097,3.461926058697203
S10,Raptor injector,12729.140183109701,2563.075716486494,7.347511707742373,95,0.9437852228859007,4.378408314857076,1.8504123493419367,6890.680593804181,road,16,96,59,0.7810478753305145,0.3396587239825953,0.029490926441951906,0.1407984597282077,43.27357817942221,4.71143124295949,0.3482971071295151,0.08814935561679056,0.2307367368501238,0,35.18806624321342,1.9814929905099126
S10,Starship heat shield tiles,11429.701693388528,2208.8986448115056,16.919559122487364,121,0.9437852228859007,3.533129324503753,0.5034867012191591,7493.674764148736,air,79,96,69,0.7431102012917405,0.3396587239825953,0.029490926441951906,0.3863054206547382,74.98037168412418,7.218339622984264,0.08559089843098122,0.18153073286358726,0.2867924318425625,0,64.04294267512401,3.3691446574694166
S10,Avionics flight computer,4681.19199259893,2581.2290272504297,17.11614427147046,61,0.9437852228859007,2.9823819192989944,2.452847190093784,1978.2550361496906,air,34,72,61,0.947355157878445,0.3396587239825953,0.029490926441951906,0.23649419980087025,58.55570937236587,6.921468615188928,0.0,0.005948170389508824,0.16553563597593515,0,23.151782204127162,4.1695165290731415
S10,Cryogenic propellant tank,5440.301048454513,2208.458569981321,16.994001876802578,125,0.9437852228859007,3.563694123201708,2.4152678193906247,10340.650942864031,air,21,115,34,0.96388542548828,0.3396587239825953,0.029490926441951906,0.22498889296762137,63.804627990373845,6.157323267630334,1.2615740274317013,0.07514835051780432,0.24601130965117343,0,82.74804822549511,0.0
S10,Grid fin assembly,12722.807416990676,280.39284340851526,14.390116500335811,166,0.9437852228859007,4.6556641554715785,1.9100629904053354,2850.2332706510806,road,13,71,24,1.0935237165897043,0.3396587239825953,0.029490926441951906,0.1849462434216864,55.63887545239366,7.087486795440989,1.4753638091778678,0.025107423128172005,0.2696261144902381,0,20.619805036283335,4.256399379432671
S10,Falcon interstage ring,5418.041414270504,2707.9477281010336,5.250593673723152,54,0.9437852228859007,5.997400637420812,0.707157954467784,6661.499311680689,sea,19,106,57,1.2718890279475155,0.3396587239825953,0.029490926441951906,0.024491650003889597,35.23481715922877,6.4497093431124,2.1954744449464894,0.10869189350564772,0.41685647489448285,0,21.97626188609098,6.3812871490084015
S10,Engine controller unit,6307.773607236593,361.69690705775076,12.05108936231413,151,0.9437852228859007,4.280407362392984,2.1568744954432826,5779.015961451674,road,48,64,46,0.9483581914327606,0.3396587239825953,0.029490926441951906,0.24383637277782852,66.44111721257312,4.73994787700302,1.6333735129253968,0.024694986471151426,0.2354067445722406,0,31.556143989998596,5.470697471795489
S11,Merlin 1D turbopump,7694.056876779227,3883.9426181572326,10.64745549085574,52,0.6266272095442347,6.828771902266017,0.4,5748.753829139185,sea,6,107,39,0.804884431739803,0.33483606240365416,0.3796793129426703,0.08618375942163524,39.098612346230105,8.208458209370027,1.1766936823381438,0.03259613279477502,0.36310654874724735,0,21.03868773457735,6.676901313926748
S11,Raptor injector,2681.885129225095,2006.1613479576959,8.096039216235456,136,0.6266272095442347,7.181935390741272,1.9668718623861978,8139.213030471072,road,15,109,32,0.9010281265030808,0.33483606240365416,0.3796793129426703,0.2557410897487061,41.162247797385575,4.427267728269649,0.7897638520171089,0.11166866159812586,0.26477765349834204,0,38.79441087358718,7.007643115207786
S11,Starship heat shield tiles,7016.435645332629,321.7656396370734,10.828146520332838,127,0.6266272095442347,5.446844458113223,0.8478295936854781,5060.092198133181,road,27,97,39,1.0908009992440277,0.33483606240365416,0.3796793129426703,0.02423627281164019,60.3887510995571,3.8791010623938487,1.221733040341988,0.07875124497308104,0.17596566225772817,0,27.217689870669318,5.77811269822492
S11,Avionics flight computer,17087.95659959785,1282.26883686958,12.020591442170218,138,0.6266272095442347,8.634699144366348,2.261158157856335,413.88552446076005,sea,42,111,60,1.2574975793626422,0.33483606240365416,0.3796793129426703,0.657481531205167,61.52596181413007,2.190416904779345,1.9858747781946169,0.06178180117218688,0.18133000399434432,0,8.747570355785491,8.611644114342328
S11,Cryogenic propellant tank,3086.596734671347,1809.8894580922993,10.560958598468265,36,0.6266272095442347,7.320306814133907,2.315785571644036,3299.8415473095283,sea,59,124,50,1.2826810910813968,0.33483606240365416,0.3796793129426703,0.4404045380618822,65.91214730333677,0.0,1.3437873688728819,0.06701932500137156,0.11955367980502152,0,15.587038891058233,6.249126960187973
S11,Grid fin assembly,8588.530949720956,1525.6704777763105,6.9521314228397655,75,0.6266272095442347,5.638931153427597,1.3780964458788445,8146.531116009556,road,39,105,47,0.9167793393116098,0.33483606240365416,0.3796793129426703,0.10509995783057145,42.278601312500186,6.533734586658122,0.34270665564462166,0.18381516152677121,0.2996694822286291,0,39.46205318482831,4.132816105951508
S11,Falcon interstage ring,11998.678486217887,2226.349277360491,5.442848268640537,140,0.6266272095442347,8.082641839527946,2.070941110577021,4197.228407089231,sea,38,60,59,0.7084748400860943,0.33483606240365416,0.3796793129426703,0.38186148526707225,30.311513126860206,4.476876197867196,1.2395476843952629,0.021137563656540806,0.323166432769998,0,17.050724446107758,5.693449026914175
S11,Engine controller unit,11687.762595185588,2220.93065195615,16.927892625859936,160,0.6266272095442347,7.869671033784785,2.7806173022190768,11891.095721780797,sea,7,71,71,1.1588540127595892,0.33483606240365416,0.3796793129426703,0.2819546627046601,68.98564202584362,6.741645540733278,0.6368313588426305,0.13501972405991577,0.26516930089656354,0,34.173444527829055,4.957566274158319
S12,Merlin 1D turbopump,8018.400590434909,2109.545787473555,9.389564472192738,42,0.7961477313796133,7.061162476411398,2.023366383816502,10740.856075287824,road,40,80,30,1.0016075948776402,0.3277159013752679,0.17642831697967112,0.3473349880023002,72.95846894142018,5.196003828198766,2.8364915834205155,0.08082028335973471,0.35797233657407096,0,49.813973778569725,9.608813135919481
S12,Raptor injector,12928.337992203331,2939.9541077335566,4.72779079971391,70,0.7961477313796133,5.71813103838067,1.1392325326945985,11165.74781828498,road,30,50,57,1.1895407292778566,0.3277159013752679,0.17642831697967112,0.2147555863510803,46.145582699623716,2.848855427713969,1.3570081150271158,0.17576263122324443,0.2506646206834681,0,50.86720859696817,7.200452959352244
S12,Starship heat shield tiles,3571.59917975866,3732.602313352052,4.316390741573259,123,0.7961477313796133,3.7876154579597507,0.5816479076805292,11079.938016770138,air,30,125,35,0.9130989321963231,0.3277159013752679,0.17642831697967112,0.20036475373933002,58.723776500000604,5.962057329527311,1.5554099161467767,0.08666810553167412,0.24786897435162386,0,86.5788374445973,3.7976981087360264
S12,Avionics flight computer,12373.191085197826,1328.1002449281743,8.52516246309516,147,0.7961477313796133,5.009629486577284,2.1063589714740143,3943.9074813805023,road,40,50,39,0.8527295887763693,0.3277159013752679,0.17642831697967112,0.30706717313347465,54.987911679204196,3.373219175306647,0.822325372655202,0.06642180546749822,0.1626892050524987,0,23.54363116101321,6.296288156438581
S12,Cryogenic propellant tank,10734.226856159461,552.5847256816098,17.800678686722996,94,0.7961477313796133,6.235699692186228,2.1395572369448908,8425.07313324277,road,7,92,20,1.150911736167636,0.3277159013752679,0.17642831697967112,0.4193407154021053,47.243020766329224,5.17198696149525,0.6441695208108026,0.026854620554248015,0.22289103320652653,0,43.104981092690345,3.9301955527561883
S12,Grid fin assembly,3146.525263038153,3574.509281264694,6.065393178174582,131,0.7961477313796133,6.5545193774284005,0.4,8489.765680301662,road,11,109,25,0.875386926057995,0.3277159013752679,0.17642831697967112,0.6280390956551719,64.89215676713252,3.758962758702677,0.0924830887111574,0.03201217392276321,0.12243343132016678,0,40.74301906066588,6.96803384460396
S12,Falcon interstage ring,13641.891904848113,3612.856305904159,9.467264357116726,118,0.7961477313796133,3.3262700730523136,0.9053381461017378,6332.313438102206,road,66,129,16,0.9308100835968048,0.3277159013752679,0.17642831697967112,0.17808248172902852,55.000150804237485,1.3073259777590391,0.8811631258016279,0.10723679443399647,0.12883277072459948,0,32.58836476967673,5.033909069056674
S12,Engine controller unit,9036.09378673777,3341.696967600799,11.706574458042672,76,0.7961477313796133,3.9596943349841536,1.5857166660780324,6051.279745898907,air,60,56,44,1.1138571090664522,0.3277159013752679,0.17642831697967112,0.2785457618839845,64.25326121390465,7.282961536206436,2.041890564575302,0.048058169933750186,0.31018470939261084,0,51.81690434855855,3.182340901587062
S13,Merlin 1D turbopump,15452.464082815564,1200.605672574645,12.97820948406182,146,0.7887983400189118,4.933403680609014,1.7764775920307008,10653.067663606329,air,9,80,39,1.0128659260947965,0.37273526918419647,0.13226050365042272,0.23017223355397423,24.632558158596936,6.033405637296933,0.0,0.18852055381773594,0.35883933656866907,0,83.96213956327762,4.0601924173725505
S13,Raptor injector,16759.875948861765,473.07623019564824,3.673204837144149,149,0.7887983400189118,6.293275182675062,1.9050567912415168,11848.158034694072,sea,30,95,70,0.9155226383606426,0.37273526918419647,0.13226050365042272,0.33334931190952827,48.315223597967616,8.004058503686261,1.7246199107845945,0.14905631320638077,0.3704768183564012,0,32.97376212920516,6.91049502068239
S13,Starship heat shield tiles,21471.480595623,1784.2676395312292,13.228438576006104,61,0.7887983400189118,6.9994250748119,1.7393067094105135,11193.540775375457,road,73,90,48,0.7643722345142361,0.37273526918419647,0.13226050365042272,0.5427866111237681,42.59074230071896,4.523127298039395,1.1196554356986541,0.4286254047221153,0.35402165334869845,0,50.81662872270203,6.523369878493589
S13,Avionics flight computer,15703.292166062525,3836.492021596962,7.836949778726665,42,0.7887983400189118,6.787871553677245,1.9968212159504357,7096.189098961017,sea,19,94,63,0.9622768253198803,0.37273526918419647,0.13226050365042272,0.20183371085076324,62.32318987587432,3.2250723505156804,0.38811249996312436,0.072584821489732,0.12348413397990121,0,23.76575196267793,5.394974524206616
S13,Cryogenic propellant tank,3304.822028469313,1237.9948547569759,12.092946433317163,148,0.7887983400189118,5.273430928848217,1.4949889382832824,6519.465801065873,air,78,89,79,1.107430933772796,0.37273526918419647,0.13226050365042272,0.2870861146509286,73.5395750034798,7.713526314927926,0.678511942892051,0.1014928407806587,0.3042142434688529,0,56.57699633600809,5.424330315958077
S13,Grid fin assembly,11707.190613061972,1092.392620385078,17.162154706144122,162,0.7887983400189118,6.422058661295781,2.373540167941823,4574.594987615295,road,21,53,37,1.1894383813306342,0.37273526918419647,0.13226050365042272,0.38428764470932386,34.53629755269033,3.03379614468345,1.3934900549776281,0.1795630319025783,0.3158216388630949,0,25.080851758655903,12.601870263689575
S13,Falcon interstage ring,18446.330199191605,1253.3529328000511,17.257444047040593,149,0.7887983400189118,5.231550543163339,2.725753032066186,8243.727233920625,road,49,49,85,1.2622376349278208,0.37273526918419647,0.13226050365042272,0.14250627386921408,32.20661753157059,1.1668050649635782,0.3184108533057066,0.029555990442644512,0.19002052845270337,0,40.38059376025325,7.0358561921224725
S13,Engine controller unit,20199.42012411173,3629.461876207091,5.2648969715260145,162,0.7887983400189118,4.731640461646589,2.3707212505201434,10959.633283842813,air,24,115,60,1.0720879944793285,0.37273526918419647,0.13226050365042272,0.32356844597127143,45.6626617358953,5.434880830606523,1.174922677333831,0.08105453827147562,0.2789511599194529,0,90.18183579287481,3.0679466492193
S14,Merlin 1D turbopump,14047.52477951569,2777.580311926491,3.464921827217017,50,0.9212764362180986,5.131237477783381,1.650342196705031,5645.078776759625,road,23,108,51,1.062366798987176,0.029385947660898214,0.05259021794142077,0.12144612231596545,69.26832792207331,5.24748002882278,0.789439044356025,0.07938441576411487,0.22775592748665185,0,30.38300600379519,2.1598315185461936
S14,Raptor injector,10461.339475149647,1470.5650615260906,3.058412195716989,62,0.9212764362180986,4.455407058753306,1.7681093112718214,2456.344307518329,road,20,59,46,0.9414225299033103,0.029385947660898214,0.05259021794142077,0.31783745603089286,45.82059537771344,3.2693143357963317,0.06465241121885357,0.12796336937038824,0.17926857265541313,0,18.02279324789793,3.5941370362292173
S14,Starship heat shield tiles,15053.88782479829,1534.6471243529338,6.488283936645954,75,0.9212764362180986,5.630768615692084,2.107661301004,7428.255821991651,road,74,120,75,0.9957026800412694,0.029385947660898214,0.05259021794142077,0.6063137046214305,78.09008649184508,7.980248684593144,1.4512695084560296,0.06201809030077394,0.3660402339472707,0,36.84752700089251,1.816708960665081
S14,Avionics flight computer,11528.549860661498,3573.494367712772,4.236419841856902,108,0.9212764362180986,4.268526069877781,1.2167161859239277,3009.574905033716,road,57,98,51,0.9571557509505499,0.029385947660898214,0.05259021794142077,0.07840153729809811,71.5519832637541,4.826080048787958,1.4378660021433014,0.1269397299380797,0.27669922939431824,0,20.99768004684003,6.895001428092886
S14,Cryogenic propellant tank,10619.699446809975,3722.4061989835454,14.168696392770503,63,0.9212764362180986,4.115071162798696,1.525441790955802,9794.90085195841,road,35,78,55,0.7635654141945769,0.029385947660898214,0.05259021794142077,0.19114922274685314,74.50536410028307,3.2050140582906756,0.5050072345162423,0.11176048879391397,0.19977172103160337,0,47.49242168322784,1.2826149777977265
S14,Grid fin assembly,18210.97444712808,3033.4623667038595,10.082166765309694,43,0.9212764362180986,3.654700004332785,1.5695534211486946,6086.651050726555,air,54,74,74,1.2121904014027,0.029385947660898214,0.05259021794142077,0.3105708051985247,78.52683947475954,3.366413641459488,1.1702963329446243,0.09940002656018616,0.25716187793327844,0,55.04053862763647,3.318889115420529
S14,Falcon interstage ring,9267.571721718507,3286.728396587087,10.99110641006817,110,0.9212764362180986,5.760525055898749,2.114870728589574,8311.713721205051,sea,6,105,47,1.2354906023257959,0.029385947660898214,0.05259021794142077,0.47451079488585957,43.19658557471409,1.2043710002004469,2.1006130919010633,0.046989623257835525,0.238127377767412,0,25.327504895362335,3.628082106940559
S14,Engine controller unit,17521.945311113486,719.320618959555,14.1122284745368,56,0.9212764362180986,3.776281120985374,2.4969443642824825,2140.0650700965343,road,43,78,81,0.7016243642054723,0.029385947660898214,0.05259021794142077,0.10096488212591193,64.7927752406879,4.520765689130706,1.4558411415269532,0.365896368614245,0.2943209564084701,0,19.501683758337645,2.0531010098022673
S15,Merlin 1D turbopump,15222.383799714467,2195.3542867104825,13.476428318682599,93,0.741156867238218,5.583691667928436,1.7010181304222354,10455.75890412754,sea,61,100,83,0.7603132008500251,0.10041933243217262,0.2090297949061482,0.0724796982066711,55.53301717453234,5.800619816619347,0.0,0.11710018415088824,0.18191967416692334,0,31.699480070415557,5.698604771159369
S15,Raptor injector,3349.115440336627,2623.6021525113956,4.754208496338125,64,0.741156867238218,4.406218810557267,1.6353945473698952,1752.3731397472347,road,28,74,27,1.1151310556235419,0.10041933243217262,0.2090297949061482,0.2553856832390602,83.77757860197666,2.4711392776455727,0.38127299826482086,0.023997957352003958,0.20162990797222902,0,14.805678401712006,8.426416999485747
S15,Starship heat shield tiles,3675.7023196291066,1130.1071655132182,11.937869260964778,121,0.741156867238218,3.5824251228034076,1.313874330652253,876.453179415291,air,47,72,68,0.8102848743271003,0.10041933243217262,0.2090297949061482,0.14854721954922756,52.489075401841376,1.7618563597636707,1.2797126358994086,0.16496715833532002,0.18746634678704727,0,16.814836537923867,1.4579436732198205
S15,Avionics flight computer,18100.339877157665,2998.145569158685,6.29990158990892,52,0.741156867238218,7.388360204012417,2.546184340820194,5662.767788028342,sea,69,63,46,0.977679362690071,0.10041933243217262,0.2090297949061482,0.4389999144838409,52.014098895710255,10.269481508830001,1.5891384219096096,0.07911652415378712,0.3790949987235329,0,20.115235095344,8.368051846107353
S15,Cryogenic propellant tank,10171.42025552846,3297.1703289507564,8.703533758489566,90,0.741156867238218,6.062900400720792,3.0082926622686568,4611.162797715437,sea,45,72,70,1.263726904467726,0.10041933243217262,0.2090297949061482,0.14725094323760277,54.39470321526292,6.14672494034589,0.7495072125345463,0.05739211160141507,0.22234925271193193,0,18.244031837068306,0.30031977235126384
S15,Grid fin assembly,5709.318231214051,1243.366925151489,4.777278785322023,54,0.741156867238218,6.054453129307835,0.6349505246688596,3107.145884873836,road,29,79,52,0.7005939963558316,0.10041933243217262,0.2090297949061482,0.1398289768065093,69.80444034031737,1.9185310074718362,1.4092427068089055,0.14971313569269262,0.20594840597835118,0,23.23106848613583,7.63797339008066
S15,Falcon interstage ring,14159.887274090337,1796.3175481506084,6.060197198310614,51,0.741156867238218,6.224583078509123,2.8016433131770464,11697.835576626127,road,37,77,84,0.7895366370641539,0.10041933243217262,0.2090297949061482,0.46422668466598405,66.12554350802044,6.4636267886417755,0.7347893294189822,0.03614305980067314,0.22622433888618806,0,55.58295605153214,10.058546204838645
S15,Engine controller unit,1355.6463190207455,811.9735947157717,17.990850547717905,51,0.741156867238218,4.847038379003512,1.8818861638167208,8550.015629523627,road,50,102,14,1.0538739903135155,0.10041933243217262,0.2090297949061482,0.1498694315313752,40.39664535026082,6.020277431226882,2.2705194352771065,0.16133279499100683,0.3980748347612544,0,39.52838718389137,0.6262921100688734
S16,Merlin 1D turbopump,20198.32701649171,2167.938587540598,5.219203699570672,61,0.7542243227130041,5.810574738822114,2.5998124559530806,9353.76081473909,road,56,73,22,0.7070854529074028,0.2987953273635569,0.1077571571627618,0.2743145561653664,59.10064737344503,3.2743999608534597,1.7659834247214126,0.04080493126421175,0.18563876744187516,0,43.56694552109133,5.862667937199905
S16,Raptor injector,16095.523572651031,3525.3796088335957,13.650014118338182,58,0.7542243227130041,6.448620042920435,1.581852396235196,7898.7793528596,sea,67,97,32,0.7597057857192743,0.2987953273635569,0.1077571571627618,0.6243768907067847,47.89207644368604,5.448578798833849,0.3089332998821873,0.038419989882380094,0.21025286628709527,0,25.587299189340218,5.268373896506907
S16,Starship heat shield tiles,13557.196528584707,1130.4480393361205,15.438317118046788,72,0.7542243227130041,6.333743225110299,1.593801871736872,1312.2459510275494,sea,10,108,16,1.16465070066927,0.2987953273635569,0.1077571571627618,0.09876600344220765,53.892356725104364,4.735797574373749,1.3590139588712262,0.21349057025001977,0.2638664659915387,0,9.712316169751608,2.3235859926195133
S16,Avionics flight computer,4138.816755411692,1214.3478659633683,7.712323321175135,149,0.7542243227130041,4.549624052725353,2.022599086089833,6913.1576825249185,air,5,118,58,0.9267932039183402,0.2987953273635569,0.1077571571627618,0.30667757514187377,77.7386870418504,3.6367708949391324,2.621980115344952,0.08971204589532156,0.3368667061867219,0,58.56549660129683,2.9633835093353347
S16,Cryogenic propellant tank,19640.40460425859,570.6698857373341,6.7301199305426,146,0.7542243227130041,6.0344457780746135,2.3736133008325284,11036.175688476347,air,6,100,72,1.0687637315514555,0.2987953273635569,0.1077571571627618,0.11361476050080124,77.37208505670199,6.28145822040584,2.33918093762528,0.0986632706477148,0.3815742814708843,0,87.9091250511724,5.241372361239194
S16,Grid fin assembly,19277.1109067854,3645.867563701091,13.85339031137705,123,0.7542243227130041,5.940240169504094,2.8508651046790474,9816.798797405652,sea,5,73,58,1.0652846855233564,0.2987953273635569,0.1077571571627618,0.10171903304028043,52.10385824279983,5.237328339447992,1.8910731470883866,0.04016086857456957,0.2718411160279133,0,27.416768904305364,7.086083486317042
S16,Falcon interstage ring,4734.7643003102,3822.1743431328646,6.865306369094959,64,0.7542243227130041,5.359558948049859,1.4554270378642298,4774.772280002267,road,9,61,86,1.1565033041927242,0.2987953273635569,0.1077571571627618,0.38299632785259036,73.2821706712846,5.973637094298567,1.2973782178331144,0.08536862227388711,0.2936575654870781,0,28.007967122755133,5.6518819012683155
S16,Engine controller unit,8090.022054475625,1925.8802444686232,7.985657025542469,43,0.7542243227130041,5.381987079134361,1.979544384910478,2071.8322290838473,road,56,61,25,1.025043142997937,0.2987953273635569,0.1077571571627618,0.3753290622883108,51.35681892933346,3.6563045204775886,0.978947359691496,0.11708562380633458,0.2080347956473773,0,16.108216875127248,6.243591606062406
S17,Merlin 1D turbopump,5071.686085368168,1460.647387345047,4.856809966757066,41,0.99,3.3971439001069728,3.20927251835622,4343.2248759815075,air,68,50,14,1.2496157528994667,0.4762150191284929,0.08795480786234197,0.4864824817391423,71.57173707047488,7.476320602979699,0.7344567957468638,0.11584847619500728,0.2955207104061269,0,41.278924844203225,5.294853264747621
S17,Raptor injector,8785.308439878962,216.5817617559184,16.005084012848965,40,0.99,3.154430987733291,1.9298593146093206,626.1516356473735,air,51,88,84,0.8543984123169899,0.4762150191284929,0.08795480786234197,0.08660233762868715,80.62375393826866,6.5590588415429005,1.4011035327254546,0.16332584111386955,0.36804966626687774,0,12.982323676524786,4.4815035401772505
S17,Starship heat shield tiles,17039.361154653852,3706.408564135636,16.97691929329475,144,0.99,4.869092323384313,1.9786353462292114,1978.4990668638106,road,60,122,61,1.2569431888672993,0.4762150191284929,0.08795480786234197,0.21490185978601914,42.25098902856983,7.531549850333111,1.9459796223040333,0.14352748595050713,0.4009356606528782,0,15.990807734648598,4.082034882912896
S17,Avionics flight computer,15667.482232582943,728.2192983466081,14.398895963911354,141,0.99,5.29677670710279,1.1867583751225952,9770.66131527289,road,78,113,64,0.8169026118888351,0.4762150191284929,0.08795480786234197,0.3202955284292127,54.3113184974935,2.0860291584374644,0.7112449781871992,0.07523696907146175,0.13290208148122845,0,45.84801396340552,4.561410207424964
S17,Cryogenic propellant tank,8387.169429232365,3247.245967264844,11.34327679086262,117,0.99,4.388312227681435,0.8465644184031436,1510.790892018595,road,27,119,47,1.282815414451305,0.4762150191284929,0.08795480786234197,0.33111060198188264,44.181227836483586,2.003920449217907,0.7015620836719257,0.19931160579999496,0.210936757660476,0,13.969789233208322,3.18445380133985
S17,Grid fin assembly,4115.7386378292995,3846.7886328616823,17.273132897254236,77,0.99,5.101758673553542,2.2929036991478493,9196.423830731066,road,17,95,61,1.1259558268855492,0.4762150191284929,0.08795480786234197,0.13379343393229792,73.46293035287795,5.857930782254398,0.9600087429631142,0.10216991303607861,0.2774156761537862,0,44.41919117024932,2.7511215063230794
S17,Falcon interstage ring,13243.753450540276,2067.949915880596,13.806887292839246,67,0.99,4.2679552403659775,2.182055631894967,4330.026731520777,road,5,86,87,1.1537765330220704,0.4762150191284929,0.08795480786234197,0.05590745895871023,45.19593210341708,4.87450663206265,1.6309097015029017,0.010993844645567864,0.27684771277393055,0,27.527815004376897,6.6623849074912584
S17,Engine controller unit,3317.148565979563,525.1190358698939,14.061906677877232,141,0.99,5.883328605470553,1.1864046230717622,908.074627538039,road,29,71,10,0.9604213694537895,0.4762150191284929,0.08795480786234197,0.48034195928139783,60.601684085264814,7.298753681915636,1.1686869460684923,0.019884376921984154,0.2374968697114551,0,10.907065603802456,5.48300038523702
S18,Merlin 1D turbopump,9368.369218067215,324.8971470125821,14.607746419785009,105,0.8685958962157853,5.187316259766865,1.6479994708465802,7137.054506928,sea,72,54,13,0.8973661902858956,0.33449923225833844,0.04513248757688356,0.03918071838478617,68.76045271694916,3.885658945893801,2.1131595879808858,0.06573425166492539,0.26387719743020277,0,22.732416878247673,5.644379321188158
S18,Raptor injector,18987.410086871645,820.0769968437457,3.5445851415671283,84,0.8685958962157853,6.13776067491247,1.896756397832012,10728.567032720495,road,59,88,43,0.7060776024048753,0.33449923225833844,0.04513248757688356,0.2616950218655695,101.23917072804397,6.0319169535356885,1.5392504579181916,0.17080845458312185,0.4685721088724786,0,50.54902483033469,8.20039718303105
S18,Starship heat shield tiles,20480.151541241066,484.1698300639275,14.106680321671902,133,0.8685958962157853,5.35543528895137,1.62722334314189,485.8736812710719,sea,10,54,65,1.088778025537473,0.33449923225833844,0.04513248757688356,0.3523902048537425,58.89791523329415,3.652296623638879,1.017114926271122,0.15776092496667926,0.1820997569062586,0,10.599589444230189,6.149506238776405
S18,Avionics flight computer,2391.9014544429438,3431.07800359046,14.801800680337632,73,0.8685958962157853,4.993484457001615,1.0862908442827899,7497.373781133295,road,42,118,37,1.0954024395821933,0.33449923225833844,0.04513248757688356,0.25408462861943215,58.9092032257104,5.8406456595522585,1.7779696673125616,0.09611049454432415,0.25869680254746125,0,38.865173559264576,5.1733874195013305
S18,Cryogenic propellant tank,5107.457802407765,353.64133929341415,6.960505534134211,154,0.8685958962157853,5.626337440625165,2.027419303177209,7215.437003143005,road,12,75,80,0.9020024845584234,0.33449923225833844,0.04513248757688356,0.33557742112955224,37.31908851154556,3.832226121815562,1.1942040812492891,0.05502377108038807,0.27915527906476234,0,36.9516117270246,9.434599551513287
S18,Grid fin assembly,16827.534536459083,3213.4789966860412,7.322989518008463,44,0.8685958962157853,4.329252191156029,2.2967633059465133,229.58204233611394,sea,34,97,34,0.8862175547727178,0.33449923225833844,0.04513248757688356,0.09349576332052247,66.41528572380011,3.1922414208382506,1.017839958605815,0.14958583873092884,0.19631569984341032,0,7.454329495999646,8.167422108708351
S18,Falcon interstage ring,1251.54096182608,3452.6575334919917,11.824028319076309,106,0.8685958962157853,5.156517510241094,2.1675671817808184,6055.7383822083,road,32,96,20,1.1898142435454964,0.33449923225833844,0.04513248757688356,0.10996774782711,59.91243196217781,7.456788736668769,1.2055958206841693,0.1081056661838422,0.26171151490868777,0,31.92878149285829,9.22533692989368
S18,Engine controller unit,20313.322234449868,3070.4118566561688,17.568919744033025,158,0.8685958962157853,6.293245065997017,0.6930824529423052,11857.076307612231,sea,68,96,23,1.0260108504542547,0.33449923225833844,0.04513248757688356,0.15017111831778776,58.65118438300638,5.12795542273771,0.9385899235553394,0.21489673930060255,0.2261753975613778,0,32.67199723519625,6.781307037733271
S19,Merlin 1D turbopump,11185.665564046492,3991.0622752980616,10.064282076852255,56,0.99,5.201769601997708,2.4823262705606073,4060.7884674966926,road,23,54,78,1.2182092236531221,0.12023115087873197,0.33370874911555304,0.441212320533288,65.706069153087,2.3818098952240288,1.6275195090573358,0.002866404676493605,0.17271954684435825,0,24.652271116533097,8.453715547078488
S19,Raptor injector,7580.900938405867,3095.403078543866,15.55802324006396,169,0.99,5.671683026546229,2.953678513276716,5872.457813597193,sea,22,56,34,0.9674395980158397,0.12023115087873197,0.33370874911555304,0.13485627273762407,72.0486680722873,7.158631312864241,1.0379872416178462,0.10329281348586887,0.30438522364528275,0,19.63818965812544,5.136384813866727
S19,Starship heat shield tiles,17964.604113619193,529.8416847327487,7.921067138414117,70,0.99,5.9842994765037485,2.0693063202096638,9676.010472660151,road,40,48,89,1.2216742739408133,0.12023115087873197,0.33370874911555304,0.2716307083141798,57.15870853142816,5.025157004703667,1.6597729687040963,0.048689906124036585,0.2310831068646364,0,45.74095955527608,3.2453898390582805
S19,Avionics flight computer,15646.282058756735,1588.9125332411577,12.038351482885531,82,0.99,3.154111678542014,2.197911013916229,10699.55651370855,air,68,58,35,1.2785695892224649,0.12023115087873197,0.33370874911555304,0.3198706950305542,60.47869086513877,5.704005907875263,1.0921766783968934,0.14762666870481098,0.22718437270518363,0,87.32620813527613,1.521769643991659
S19,Cryogenic propellant tank,17934.5569314133,2230.6380844017203,6.24968303346504,122,0.99,5.690202769549321,2.0542841554732716,9892.208195763666,road,58,68,12,1.1895000131959634,0.12023115087873197,0.33370874911555304,0.14165602846878347,55.62175722988365,7.762558031117852,2.3736163587719874,0.13670312561429354,0.3612001791024762,0,46.7412407238844,5.541447249228973
S19,Grid fin assembly,19712.30522252637,2781.913166524577,16.625185133123942,87,0.99,4.196844462367359,3.5449172066469625,2670.195275106363,road,23,65,43,0.826732596662779,0.12023115087873197,0.33370874911555304,0.24802112034337456,43.668931336201524,5.40641386678781,0.6402398043916491,0.038130408352820035,0.2485652115457336,0,19.687845952289564,2.6811992247233256
S19,Falcon interstage ring,3166.751293798642,1522.4494557500682,5.767073762686589,84,0.99,4.2018894781748415,2.0437421111613734,5921.489096543009,road,50,125,59,0.9288461370417415,0.12023115087873197,0.33370874911555304,0.2544619417142032,57.45525951299295,6.290225375322243,0.6641532892704256,0.09151202574370651,0.21379346136403574,0,33.30823757054918,3.659193227957293
S19,Engine controller unit,19246.035603922406,3081.814651074463,14.01292602327368,164,0.99,2.2871533116298557,2.96534324112379,5352.566079902948,air,48,129,70,1.2113075170044705,0.12023115087873197,0.33370874911555304,0.37216806601707125,48.860851886158876,4.745493382029425,1.0799851179585447,0.014854314293671237,0.2262244741467403,0,46.66358683681863,2.0193264450248156
S20,Merlin 1D turbopump,19015.116818753108,2140.8746496443564,5.834405763295301,36,0.8082071835438706,5.2624169324682715,0.4471876853415728,2652.6455823443375,road,13,52,67,0.8501026316830178,0.33191870561091835,0.09791881271854143,0.30737716032512535,55.63620380715847,1.8360949651242016,1.2066866003797925,0.026927488059261328,0.13626749366213417,0,20.275424196767304,4.653786922766632
S20,Raptor injector,17632.61919860945,2147.701067656201,3.8762156933192804,65,0.8082071835438706,5.143609979702201,1.3105235312851673,3096.9810123362,road,21,73,62,1.078387915570192,0.33191870561091835,0.09791881271854143,0.17944360098360082,63.98473458969174,10.252969818073801,2.1451190358834085,0.25489473781574334,0.43148060620749745,0,22.754545940867484,4.926521133349709
S20,Starship heat shield tiles,8459.287891553373,2852.949636373255,4.918235765284745,36,0.8082071835438706,7.14912514210398,1.9965980441078657,11528.67815359717,sea,56,63,35,0.713974636002816,0.33191870561091835,0.09791881271854143,0.24885128435494278,64.5863049779824,6.336395687115262,1.097048550343977,0.12285445127392425,0.2563792323725185,0,33.4455344827383,7.241374512227493
S20,Avionics flight computer,4061.1720278587954,2343.4729119155963,11.516341752617867,64,0.8082071835438706,6.118704255629939,0.6041200749326567,9608.294253058115,sea,58,50,44,0.9341551773683172,0.33191870561091835,0.09791881271854143,0.2400491681024439,52.75286895293883,5.141989430849896,0.8876563149569163,0.06988295798641515,0.2183804229072735,0,27.203010267080565,6.500390157860654
S20,Cryogenic propellant tank,7238.432539519544,1871.442542248249,10.052734098045242,131,0.8082071835438706,3.486802444056915,2.6188223266898616,5052.846551080035,air,78,103,13,1.177016444377693,0.33191870561091835,0.09791881271854143,0.2566287130036949,55.2163575582958,2.45628963099823,1.477922121605786,0.0072325789057119515,0.16261564613683666,0,45.49327011971485,5.908425346029828
S20,Grid fin assembly,2894.003609809012,1985.8684976725942,13.593661675248702,144,0.8082071835438706,5.852367547262464,1.4661811838767054,5334.80582774233,sea,71,47,64,0.9062260461982418,0.33191870561091835,0.09791881271854143,0.11249035372485497,31.599337452004207,5.750216327508381,0.0,0.03771398609890623,0.2813929061605731,0,22.78054982641268,8.123079820069655
S20,Falcon interstage ring,21468.39441086935,349.41365552642765,9.954386323500177,113,0.8082071835438706,6.345462954087616,1.431202762808976,8597.702553470397,sea,11,128,77,1.2573580102758155,0.33191870561091835,0.09791881271854143,0.3317653121571396,62.21558433940971,6.965832412923524,0.0,0.040565937145403845,0.17870594797154535,0,28.086913346771667,5.994100543704448
S20,Engine controller unit,19529.650885971547,2278.6616671840675,15.193580215436414,128,0.8082071835438706,5.704243621168439,2.801769415912508,8071.657340343553,road,16,114,50,0.9847180535127344,0.33191870561091835,0.09791881271854143,0.474549443580632,54.41847612060385,6.708479721153665,1.3617069840788596,0.14248957161549658,0.2890578743885203,0,39.62557368962573,6.4938061940127065
S21,Merlin 1D turbopump,3138.938823483177,477.5568440946839,10.46545694211159,160,0.9062523933491617,4.526113272940601,2.0921595621222804,7841.853950367608,road,66,60,25,1.064980454182819,0.1527775839772364,0.17178087397321934,0.428091939977793,58.14469788455297,4.183653648022092,1.4763678898022634,0.03410462492142381,0.19349133718600212,0,36.32346840347627,8.007954783663239
S21,Raptor injector,15651.804873974226,1240.6237845688995,4.945921603573583,160,0.9062523933491617,4.3234127653946635,1.6165270440787598,3889.110438948646,road,30,74,17,0.9987805352671993,0.1527775839772364,0.17178087397321934,0.18178058170327144,62.149362281634566,4.022634862074075,2.184630873555451,0.14342742967821248,0.25650381611683937,0,21.997981744931987,3.150043321487014
S21,Starship heat shield tiles,2694.1652904590596,1036.4981048857608,8.581176172740381,53,0.9062523933491617,3.821131793023142,3.4957135307584473,2925.574263101079,air,9,84,89,1.29775903776348,0.1527775839772364,0.17178087397321934,0.135669212761421,36.68760077148717,4.53788064020102,0.06724091133712551,0.42760150287228227,0.3257432348000102,0,29.403320274189003,2.1580491593956106
S21,Avionics flight computer,4560.835386927656,2526.4488327596596,5.286997634675793,73,0.9062523933491617,5.2885805962839605,2.0775407721876427,6019.312304172227,road,79,67,23,1.257860950081044,0.1527775839772364,0.17178087397321934,0.17101421355590765,70.4370053476851,6.580151098944462,0.20476655166701918,0.02343777242854502,0.21822234403903684,0,31.831625033706633,5.722058609725789
S21,Cryogenic propellant tank,8585.249472536514,2633.4250376871278,10.663157239054936,63,0.9062523933491617,2.98142729208917,1.2680924522585595,10876.45793189866,air,65,91,19,0.9356352483474577,0.1527775839772364,0.17178087397321934,0.3762011720094437,30.419789552397937,4.88909325038417,1.1719335615268947,0.04541972250717666,0.3340775785324198,0,87.00251413776185,4.228266476101823
S21,Grid fin assembly,18872.869810878256,1313.5431628447107,15.422917005564248,76,0.9062523933491617,3.8909930282628364,2.3426604307955,5465.884025003046,air,13,126,41,1.1800468415149168,0.1527775839772364,0.17178087397321934,0.16527272514934357,36.108128340395915,5.4388053395078115,1.364216906625406,0.24558375527864468,0.3767109771248029,0,48.115744253838024,4.658006045585532
S21,Falcon interstage ring,4449.817787021362,1912.6350866960693,11.60976312228733,57,0.9062523933491617,5.622161584568489,1.991324879575812,7843.126964995757,road,30,76,31,1.1375627463162337,0.1527775839772364,0.17178087397321934,0.2125487352672473,48.33538589151114,6.203791297212883,0.7248482783104753,0.21568740419937663,0.2905739722608629,0,38.831061212671635,10.080402783081706
S21,Engine controller unit,14902.186975500934,2326.94681395523,7.425602107448072,98,0.9062523933491617,3.5808941094314726,1.1246830898920606,10876.534161129532,air,28,70,82,0.7572900471755305,0.1527775839772364,0.17178087397321934,0.3502638883337121,79.1220747265161,6.935100831982271,0.9753141117313944,0.08302884319841587,0.32637519100369183,0,86.59092844732668,2.8567961280501692
S22,Merlin 1D turbopump,11814.779075175271,2135.341190254323,9.411437862727556,81,0.9107768513672003,6.854288953473237,2.2994223237111413,7577.772398144088,sea,14,46,50,1.213582480104475,0.43391819038539675,0.23478389070998187,0.14071366529801854,55.52180979492988,5.122029710828411,1.8225894195671675,0.09682909471401906,0.26197169194502,0,25.45508733592264,8.208040787490129
S22,Raptor injector,10579.234744172685,988.0169259096493,4.066310954176219,124,0.9107768513672003,6.146905969854652,2.575374137638632,10906.196456930307,road,52,89,32,1.2160038988375623,0.43391819038539675,0.23478389070998187,0.5415930184841735,55.797550340121475,4.679414114353961,2.1911399922040875,0.055684160432167375,0.2609558662996941,0,49.71544093805064,8.363318079279905
S22,Starship heat shield tiles,3849.631331874801,2857.810099224788,13.886253520788706,81,0.9107768513672003,4.407472821642431,3.0952886256625183,10800.980174192477,air,41,86,83,1.1841006683142732,0.43391819038539675,0.23478389070998187,0.6757805322497271,65.72736854827838,1.4707678952314631,1.5852415709834218,0.17328720327623748,0.19075146355702358,0,88.12486956969032,3.3189236380539486
S22,Avionics flight computer,16720.571052794614,3054.10840983491,12.216412422572489,66,0.9107768513672003,6.015556418156548,2.5070445878054493,1403.9021530634911,sea,56,61,14,0.9692838302633305,0.43391819038539675,0.23478389070998187,0.41647105833665715,71.64520766980284,3.587248995768415,0.6864965595492716,0.06530840014569783,0.19296834239660904,0,12.157038339330517,5.2526372547230045
S22,Cryogenic propellant tank,4870.319183001109,2315.3057226123055,12.048069900762743,90,0.9107768513672003,6.844356886251601,0.586689268746345,10492.09056248899,road,60,66,88,0.7196543381582171,0.43391819038539675,0.23478389070998187,0.5972765581849112,55.95440355767637,11.908092804488362,1.3995866889395907,0.1107289974092026,0.3936969797165738,0,52.31659166440878,6.612076065228006
S22,Grid fin assembly,4316.522919999964,909.6680717033327,8.103873178390083,96,0.9107768513672003,6.715907049215115,1.8515596164945363,9632.369324982563,road,6,90,77,0.7423904294626663,0.43391819038539675,0.23478389070998187,0.4980477052494286,39.163404628939475,4.548865957862791,1.412905312330324,0.027326562582522567,0.29155877243149914,0,47.673492626096916,5.33428297748879
S22,Falcon interstage ring,9618.766765522458,3455.5994008597486,3.6309966307959147,156,0.9107768513672003,6.419654658675415,1.2098071393917755,2657.490590226155,sea,49,69,66,0.7044088834385576,0.43391819038539675,0.23478389070998187,0.08450172784129055,63.59334658463188,4.264809067679628,0.690698422725024,0.26442675404773397,0.21608657267856343,0,13.89017446513864,6.762377049573503
S22,Engine controller unit,15511.68404850642,1992.785736619501,10.995609071795336,68,0.9107768513672003,5.721332791768323,3.00337634901605,7133.059288425842,road,19,105,89,0.9101787053492589,0.43391819038539675,0.23478389070998187,0.16506929168388568,53.19049993644022,5.068355431449149,1.4104303647351755,0.1426043665044763,0.2607289414521553,0,38.63371680561634,4.560690729320022
S23,Merlin 1D turbopump,2606.496158689336,2001.4136205256982,17.095803720342,38,0.9898378758903504,6.06275490513513,1.612602421066768,1355.9562412807002,sea,55,116,15,0.7109386437933901,0.19562080993094222,0.3389754460238713,0.24190560533316252,46.12065034506303,2.902816710344816,0.6735746224433955,0.10283943198585555,0.19692199495349277,0,10.431163433176408,5.3638095001208
S23,Raptor injector,7728.842451315301,2047.4015749661592,17.28301088113368,119,0.9898378758903504,6.307538136551215,3.0908814893759886,8344.91664322291,sea,58,108,29,1.0251092920670002,0.19562080993094222,0.3389754460238713,0.35722374058602663,48.6039168681706,4.044795413333642,0.6404644749725183,0.12492029357902477,0.21386886161049734,0,24.81829426425837,7.52449544883666
S23,Starship heat shield tiles,7858.179130440176,1055.290797943445,10.829960805686039,64,0.9898378758903504,5.3388071045874055,1.6170051549788738,460.58087510338487,sea,12,85,77,1.2491663233159893,0.19562080993094222,0.3389754460238713,0.10829734115850287,48.47903184360226,4.739211522160939,1.4896931700685667,0.0774448536858204,0.26554685785600474,0,10.849012842595355,4.272395930178537
S23,Avionics flight computer,10941.425050069725,2463.068639123824,7.096998189100104,109,0.9898378758903504,4.657069450867218,3.9166470168356735,380.16003849607404,sea,40,123,40,1.2250139912643725,0.19562080993094222,0.3389754460238713,0.27155894034561956,62.568185208041854,5.075759988979198,1.2304150170460204,0.11227937920509087,0.22251136273715738,0,9.077370857156728,1.8533085292018394
S23,Cryogenic propellant tank,6126.700545047592,313.3620104493433,5.07157106803123,164,0.9898378758903504,4.967741112138676,1.7432249904154473,2362.942679387008,road,65,71,82,1.198817275529817,0.19562080993094222,0.3389754460238713,0.09503539556585547,72.3016141237408,6.15466548356936,0.601510653364133,0.10211760817799141,0.2586051334773548,0,16.446182907117073,4.122624940362984
S23,Grid fin assembly,21452.21272200544,2682.938285613841,15.63363371881741,156,0.9898378758903504,1.7419720036769728,2.478118372346491,390.0663062102909,air,29,101,52,0.900564047028629,0.19562080993094222,0.3389754460238713,0.39083987009712623,69.81514699248179,4.2747780991261655,0.8864935117564776,0.2720665568519397,0.26002382200034047,0,11.3139660630075,2.8529365220131053
S23,Falcon interstage ring,11509.602671184732,2687.365871860131,3.607484279000516,84,0.9898378758903504,5.484935305297414,0.6597017044577904,7827.614053484807,road,72,90,29,1.1970981689607494,0.19562080993094222,0.3389754460238713,0.029575039897032994,39.458649086923565,8.889524475300979,1.4187779397878053,0.10941782880538466,0.408495708273826,0,38.08158826145994,6.538497306507685
S23,Engine controller unit,11473.322657611501,3453.541239963983,10.183776117150076,47,0.9898378758903504,5.675041649110269,1.7053924750773088,4387.538791143448,road,38,110,11,0.9730130563499128,0.19562080993094222,0.3389754460238713,0.12810251617481094,48.401502106984324,8.094178972263219,1.1423720252650862,0.2007999366722087,0.3524829923606212,0,22.892167301590025,6.947977664132922
S24,Merlin 1D turbopump,12655.78495782643,3128.315464026042,6.515499487425913,121,0.7998377022030753,5.303994099360912,1.7739874505462818,8224.465993350757,sea,50,71,62,0.9888882565112791,0.23647700719573073,0.11178003473233147,0.21308932410131473,60.529210501309976,8.815896986693764,1.7935113026481395,0.09260666244752754,0.3233417715046628,0,27.03557163125988,3.494059822889798
S24,Raptor injector,1233.9216307011893,2767.844343930164,13.24914921776912,81,0.7998377022030753,5.087971261002361,2.1769484975487576,985.3006384794915,road,16,66,69,1.1618501004103896,0.23647700719573073,0.11178003473233147,0.071104160115046,49.29429613153833,4.464410852649634,0.796969032893249,0.1094181117381457,0.2248154756286504,0,12.613767021716335,5.061782744952717
S24,Starship heat shield tiles,5165.369337404644,3321.221718045165,15.73003030720994,158,0.7998377022030753,4.800241639239028,2.0993453532158215,4465.707307644448,road,67,51,49,0.745198397467422,0.23647700719573073,0.11178003473233147,0.39950973982108046,63.450275475461744,5.431397427771905,1.17065620213037,0.12508211888686052,0.2347688520568221,0,28.145540591297227,4.1279457249781295
S24,Avionics flight computer,8094.448745215325,1710.0293634105174,5.727231793856575,96,0.7998377022030753,6.7901359269938695,1.6814602450850442,5300.132774735892,sea,30,97,83,1.2919540455532545,0.23647700719573073,0.11178003473233147,0.48341659796973574,39.69266342261085,6.59388738005643,0.7092714232085369,0.3128068670866484,0.36508170654549,0,21.740574412133853,8.929354995315899
S24,Cryogenic propellant tank,20723.10195208355,2626.6465460560576,6.230357512191067,159,0.7998377022030753,5.5898824548494535,3.0559622455300106,6219.40908055434,road,42,121,18,1.073710579513705,0.23647700719573073,0.11178003473233147,0.34987420099576005,59.048979099927166,7.078507219268121,0.36887382365640786,0.08980310351050749,0.2070420732807325,0,33.14405866804227,1.0093150703577098
S24,Grid fin assembly,6877.1480849179225,3980.253013449492,3.5843818412418478,128,0.7998377022030753,6.614498650911881,2.93651102458102,5764.147859204137,road,19,123,27,0.8860014591483596,0.23647700719573073,0.11178003473233147,0.03795103463000355,20.283963352305165,7.485660767736481,1.2956595543776825,0.04872949666466627,0.4512115153307935,0,30.963785046192562,7.670795433112354
S24,Falcon interstage ring,19397.861769829855,1240.0615490121825,8.105166958895815,127,0.7998377022030753,5.836709128270691,1.1713875726100578,9759.15021515743,road,38,58,34,0.7209494750936478,0.23647700719573073,0.11178003473233147,0.22004909649784093,60.50448396387253,6.284305904598526,1.5121498438369176,0.07663998677336896,0.24652852522690158,0,47.131494423792255,2.9804709839390933
S24,Engine controller unit,15106.577273076471,1720.805680471073,8.999268466012364,57,0.7998377022030753,7.607794599569672,2.6263690836883784,10276.143386300024,sea,22,85,51,1.1654354884133666,0.23647700719573073,0.11178003473233147,0.5635450625529795,55.48111840253304,6.6970322107770075,2.2821275358450537,0.090955385388555,0.32174011172967815,0,30.235545662966285,12.57283765348635
S25,Merlin 1D turbopump,9728.618045174488,1402.5485411779378,12.077652750046173,89,0.9194083967388234,4.806380747070779,0.5680637896304885,3222.524890761642,sea,14,122,37,0.8420055408922109,0.20817923408204508,0.15618377596041,0.1006278622758038,57.413148249553196,5.134909132135723,1.792287672133924,0.3118593240640682,0.30274759215671926,0,14.760507118789732,3.9172879800325995
S25,Raptor injector,8773.453934633082,2033.6423147328796,10.947009163612066,144,0.9194083967388234,4.829825056587637,1.4863560861004264,2480.572991516311,road,20,123,53,0.9490723663672456,0.20817923408204508,0.15618377596041,0.39675209854512283,57.40773384058362,3.3292394223039263,1.158852143893463,0.04562426274682732,0.16311078200934995,0,19.853117242069363,5.046079532533866
S25,Starship heat shield tiles,2759.968577420029,1836.3176294271695,3.090871756953776,98,0.9194083967388234,5.2587047507536,1.1423060807030687,5441.986629587825,road,61,51,32,1.093294821135381,0.20817923408204508,0.15618377596041,0.11847761572812289,69.13340216903262,8.705729949877146,0.6490986115692206,0.12950482397272492,0.3097784710988062,0,29.884684948455398,4.007429878798354
S25,Avionics flight computer,5541.519175488779,375.04662038832623,9.552780113066614,77,0.9194083967388234,6.170431244921434,1.4571034539875949,9132.320916830156,sea,40,84,75,1.1378091961565882,0.20817923408204508,0.15618377596041,0.160062290195546,61.71444752109176,3.5137591848910987,1.115280108954017,0.12367408006764208,0.17923963100502877,0,28.846137886864557,3.529302475336533
S25,Cryogenic propellant tank,9754.639654513187,1728.2425767560237,13.560484096788192,148,0.9194083967388234,5.22555337436804,1.9729717953812944,8029.108596641505,road,78,60,43,1.1720897750242074,0.20817923408204508,0.15618377596041,0.2573823575323331,80.90995297278332,6.737163875467825,0.9493934858762841,0.24750389420207775,0.3688763890395483,0,39.45293006003992,7.453990121196314
S25,Grid fin assembly,14843.041609056718,719.0967305626904,5.06849373617948,135,0.9194083967388234,5.1335782706738415,0.9388178966809964,3722.320765658001,road,7,110,26,1.138822784279987,0.20817923408204508,0.15618377596041,0.2766229930248239,69.38560750207495,4.904490763022919,1.010528371259414,0.08432088030512451,0.23391256649805856,0,23.054424753677942,4.147196198677122
S25,Falcon interstage ring,10215.130914576937,1129.2389878568629,12.530013645713764,105,0.9194083967388234,6.939144169868891,1.9400037157527787,5393.951912743433,road,23,104,56,1.0115883444494151,0.20817923408204508,0.15618377596041,0.45824980671395205,98.00462305650589,5.602249485704048,2.324452805441503,0.2594078774003586,0.5071102318338566,0,28.005951525114057,1.7977006405349192
S25,Engine controller unit,15593.462020839495,2027.450826289626,7.030727230209948,42,0.9194083967388234,4.8421493036661385,1.7326505619502608,5388.95959048537,road,79,63,50,1.2332726598190231,0.20817923408204508,0.15618377596041,0.29100608173171016,58.951579596290756,1.8865680957278332,0.2766788714320414,0.07896084905873255,0.0821722538912352,0,25.91212743236787,6.819564427072989
